nombre_variables,classe_1,classe_2,dist_intra_1,dist_intra_2,dist_inter,overlap,bien_separees
50,BRCA,COAD,30.875423077251025,21.301193962823884,35.24246963326753,0.740251996852431,True
50,BRCA,KIRC,30.875423077251025,34.24460708250703,37.68410177776787,0.8640252399246027,True
50,BRCA,LUAD,30.875423077251025,42.54548561401991,21.036877217308085,1.7450524603258109,False
50,BRCA,PRAD,30.875423077251025,22.040372042135523,43.07830299024265,0.6141815188422362,True
50,COAD,KIRC,21.301193962823884,34.24460708250703,37.34660008465663,0.7436527142955538,True
50,COAD,LUAD,21.301193962823884,42.54548561401991,28.726733355628745,1.1112763638392182,False
50,COAD,PRAD,21.301193962823884,22.040372042135523,44.80937748221917,0.4836216037832459,True
50,KIRC,LUAD,34.24460708250703,42.54548561401991,35.5910008770889,1.0787852378992697,False
50,KIRC,PRAD,34.24460708250703,22.040372042135523,47.91776031179611,0.5873081166398615,True
50,LUAD,PRAD,42.54548561401991,22.040372042135523,47.453080699305055,0.6805233369927581,True
100,BRCA,COAD,42.50032681865559,29.30276724230634,50.85173454700907,0.7060043742911533,True
100,BRCA,KIRC,42.50032681865559,52.40098665266117,49.67128544967079,0.9552935122594631,True
100,BRCA,LUAD,42.50032681865559,54.275588864189274,30.5561799958479,1.5835735307226753,False
100,BRCA,PRAD,42.50032681865559,29.8990335641233,52.553297579576245,0.6888184349721511,True
100,COAD,KIRC,29.30276724230634,52.40098665266117,54.736025487165804,0.7463435019969156,True
100,COAD,LUAD,29.30276724230634,54.275588864189274,42.25114906504687,0.9890660722365718,True
100,COAD,PRAD,29.30276724230634,29.8990335641233,55.380197087431746,0.5345033416273738,True
100,KIRC,LUAD,52.40098665266117,54.275588864189274,57.46192727295989,0.9282370134411565,True
100,KIRC,PRAD,52.40098665266117,29.8990335641233,58.4574227954573,0.7039313083023905,True
100,LUAD,PRAD,54.275588864189274,29.8990335641233,58.30479761840035,0.7218498808556707,True
200,BRCA,COAD,56.53912585258254,44.13988662723218,72.14537399055646,0.697750991581201,True
200,BRCA,KIRC,56.53912585258254,71.88332814213733,65.56353108815523,0.9793741418689452,True
200,BRCA,LUAD,56.53912585258254,70.65952150085407,46.118382009055345,1.3790449904385322,False
200,BRCA,PRAD,56.53912585258254,42.746153925954665,65.58705977524157,0.7568968644026361,True
200,COAD,KIRC,44.13988662723218,71.88332814213733,75.59577946790863,0.7673921453420746,True
200,COAD,LUAD,44.13988662723218,70.65952150085407,59.94854824431094,0.9574828039224502,True
200,COAD,PRAD,44.13988662723218,42.746153925954665,75.97538198212887,0.5718039073079252,True
200,KIRC,LUAD,71.88332814213733,70.65952150085407,72.9577571571125,0.9768861817944139,True
200,KIRC,PRAD,71.88332814213733,42.746153925954665,72.25857616809502,0.7931894603169982,True
200,LUAD,PRAD,70.65952150085407,42.746153925954665,73.67570468278463,0.7696273548728444,True
500,BRCA,COAD,81.71445486960395,67.70786217048781,97.6151696782485,0.7653642232688113,True
500,BRCA,KIRC,81.71445486960395,99.99904299473664,89.53494808190487,1.0147629599232721,False
500,BRCA,LUAD,81.71445486960395,96.52676937011148,72.43296336749796,1.2303874917790236,False
500,BRCA,PRAD,81.71445486960395,72.69072633412996,84.83249371963912,0.9100591909629812,True
500,COAD,KIRC,67.70786217048781,99.99904299473664,104.45716315199338,0.8027544502677988,True
500,COAD,LUAD,67.70786217048781,96.52676937011148,84.63798432365472,0.9702182350690671,True
500,COAD,PRAD,67.70786217048781,72.69072633412996,101.71660414889281,0.690145869887193,True
500,KIRC,LUAD,99.99904299473664,96.52676937011148,96.47773502381285,1.0185034522024237,False
500,KIRC,PRAD,99.99904299473664,72.69072633412996,102.41667154534773,0.8430745049764851,True
500,LUAD,PRAD,96.52676937011148,72.69072633412996,95.58894982973473,0.8851310533573996,True
1000,BRCA,COAD,110.74268335250909,97.21293408145148,121.32716575022103,0.8570035249240203,True
1000,BRCA,KIRC,110.74268335250909,133.2597118371555,112.9202674402229,1.0804189572028475,False
1000,BRCA,LUAD,110.74268335250909,125.62457279595125,100.89882055325515,1.171308320812848,False
1000,BRCA,PRAD,110.74268335250909,102.7218382467893,103.2775750481326,1.0334504925188894,False
1000,COAD,KIRC,97.21293408145148,133.2597118371555,130.47513946612344,0.8832052100563069,True
1000,COAD,LUAD,97.21293408145148,125.62457279595125,105.72058253368148,1.0538984062370684,False
1000,COAD,PRAD,97.21293408145148,102.7218382467893,127.31634595642053,0.7851889355852116,True
1000,KIRC,LUAD,133.2597118371555,125.62457279595125,115.10607767771226,1.124546548089154,False
1000,KIRC,PRAD,133.2597118371555,102.7218382467893,130.0276225633299,0.907428534921532,True
1000,LUAD,PRAD,125.62457279595125,102.7218382467893,114.38411598720562,0.9981561210311847,True
