classe_1,classe_2,Cosinus,Euclidienne,Mahalanobis
BRCA,COAD,0.7579451883652912,0.7060043742911533,1.9391494067103359
BRCA,KIRC,0.8339811365024131,0.9552935122594632,2.4762900934097694
BRCA,LUAD,1.770948185116639,1.5835735307226753,2.0954794046722567
BRCA,PRAD,0.764851201261005,0.6888184349721511,2.2961253840803697
COAD,KIRC,0.7616209977299843,0.7463435019969156,2.2938423950265685
COAD,LUAD,1.4316659676840078,0.9890660722365718,1.8481370972887794
COAD,PRAD,0.31648673177749814,0.5345033416273738,2.121597063963471
KIRC,LUAD,1.075180150445592,0.9282370134411565,2.508476267560367
KIRC,PRAD,0.5988246484475199,0.7039313083023905,2.5996012329659495
LUAD,PRAD,0.7155984075084356,0.7218498808556706,2.341560868766789
