metrique,classe_1,classe_2,dist_intra_1,dist_intra_2,dist_inter,overlap,bien_separees
Euclidienne,BRCA,COAD,42.50032681865559,29.30276724230634,50.85173454700907,0.7060043742911533,True
Euclidienne,BRCA,KIRC,42.50032681865559,52.40098665266117,49.67128544967078,0.9552935122594632,True
Euclidienne,BRCA,LUAD,42.50032681865559,54.275588864189274,30.5561799958479,1.5835735307226753,False
Euclidienne,BRCA,PRAD,42.50032681865559,29.8990335641233,52.553297579576245,0.6888184349721511,True
Euclidienne,COAD,KIRC,29.30276724230634,52.40098665266117,54.736025487165804,0.7463435019969156,True
Euclidienne,COAD,LUAD,29.30276724230634,54.275588864189274,42.25114906504687,0.9890660722365718,True
Euclidienne,COAD,PRAD,29.30276724230634,29.8990335641233,55.380197087431746,0.5345033416273738,True
Euclidienne,KIRC,LUAD,52.40098665266117,54.275588864189274,57.46192727295989,0.9282370134411565,True
Euclidienne,KIRC,PRAD,52.40098665266117,29.8990335641233,58.4574227954573,0.7039313083023905,True
Euclidienne,LUAD,PRAD,54.275588864189274,29.8990335641233,58.30479761840036,0.7218498808556706,True
Mahalanobis,BRCA,COAD,14.179026622615227,14.329670182770053,7.3508252398531715,1.9391494067103359,False
Mahalanobis,BRCA,KIRC,14.179026622615227,19.127706668758105,6.725127516362807,2.4762900934097694,False
Mahalanobis,BRCA,LUAD,14.179026622615227,15.666850643330363,7.121491435181543,2.0954794046722567,False
Mahalanobis,BRCA,PRAD,14.179026622615227,15.816145237761218,6.531692926775846,2.2961253840803697,False
Mahalanobis,COAD,KIRC,14.329670182770053,19.127706668758105,7.2928674010187695,2.2938423950265685,False
Mahalanobis,COAD,LUAD,14.329670182770053,15.666850643330363,8.115339730506294,1.8481370972887794,False
Mahalanobis,COAD,PRAD,14.329670182770053,15.816145237761218,7.10451007228824,2.121597063963471,False
Mahalanobis,KIRC,LUAD,19.127706668758105,15.666850643330363,6.935396950342312,2.508476267560367,False
Mahalanobis,KIRC,PRAD,19.127706668758105,15.816145237761218,6.721002333625418,2.5996012329659495,False
Mahalanobis,LUAD,PRAD,15.666850643330363,15.816145237761218,6.7226516083847265,2.341560868766789,False
Cosinus,BRCA,COAD,0.36058312439952456,0.08754079221037725,0.2956176274279142,0.7579451883652912,True
Cosinus,BRCA,KIRC,0.36058312439952456,0.3694165281905055,0.43765957084565177,0.8339811365024131,True
Cosinus,BRCA,LUAD,0.36058312439952456,0.3873530968533271,0.21116829604012122,1.770948185116639,False
Cosinus,BRCA,PRAD,0.36058312439952456,0.0835046539033587,0.2903099175177595,0.764851201261005,True
Cosinus,COAD,KIRC,0.08754079221037725,0.3694165281905055,0.2999899699212907,0.7616209977299843,True
Cosinus,COAD,LUAD,0.08754079221037725,0.3873530968533271,0.16585359287122525,1.4316659676840078,False
Cosinus,COAD,PRAD,0.08754079221037725,0.0835046539033587,0.27022530321111093,0.31648673177749814,True
Cosinus,KIRC,LUAD,0.3694165281905055,0.3873530968533271,0.3519268955673154,1.075180150445592,False
Cosinus,KIRC,PRAD,0.3694165281905055,0.0835046539033587,0.3781751329609452,0.5988246484475199,True
Cosinus,LUAD,PRAD,0.3873530968533271,0.0835046539033587,0.3289958067375487,0.7155984075084356,True
