classe_1,classe_2,gene_1,overlap_1d,gene_2,overlap_2d,bien_separees
BRCA,COAD,gene_7965,0.2854915460231705,gene_3461,0.30146590574573073,True
BRCA,KIRC,gene_7964,0.48309469220043316,gene_3439,0.3630387238201832,True
BRCA,LUAD,gene_15898,4.758121003226158,gene_15589,1.3530247022169861,False
BRCA,PRAD,gene_203,0.9271283967359598,gene_13976,0.5039614940788244,True
COAD,KIRC,gene_3540,0.45336487495266337,gene_6733,0.342251474934996,True
COAD,LUAD,gene_7965,3.0794738096406054,gene_15896,1.6002371788811838,False
COAD,PRAD,gene_3461,0.39666157368370064,gene_9176,0.36905978222665237,True
KIRC,LUAD,gene_16342,1.2138765529464908,gene_6733,0.6791239747531744,True
KIRC,PRAD,gene_17109,0.4835591952189413,gene_13976,0.37638698681802835,True
LUAD,PRAD,gene_9176,0.3873152908248418,gene_9177,0.3101021057461164,True
