PC1,PC2,Class
-4.524127860057716,7.612736676278101,PRAD
-0.8548534364961186,-1.5349789597966736,LUAD
-3.359470974014972,5.8905846941484254,PRAD
-4.698009284796191,7.724736900952574,PRAD
-5.473851979258555,-4.928336290575377,BRCA
-3.619910514900529,6.097778323853203,PRAD
6.768566479831394,0.4723612056888944,KIRC
-3.6468682374717654,6.835053410052241,PRAD
-0.8894524156338961,-3.8676603364703417,BRCA
-3.7661576797036407,5.8295519178525765,PRAD
-5.513925966518614,-4.146730001637066,BRCA
11.472202021364405,-2.687647470177335,KIRC
-4.268682882293042,7.871706371465021,PRAD
-2.5801122900369466,-1.3395023831214126,BRCA
-5.031170681084853,-5.276520890518839,BRCA
-5.298523965490668,-4.971708331448889,BRCA
0.5873922175316193,1.4892701686761198,LUAD
10.196657492856032,0.08378084602384502,KIRC
11.963757119412334,-0.054651009813511287,KIRC
-4.387688432387358,8.81487316364141,PRAD
-3.611478886886226,-4.679579505951278,BRCA
8.295007952894128,-0.0403073045099055,KIRC
0.37693437395315105,1.6887596966988003,LUAD
-5.241087751369412,-5.1170560461360886,BRCA
11.939758701778704,-1.175828034737764,KIRC
-0.49057481707989115,0.1004350623046574,LUAD
3.0825206406097667,4.023986518066919,COAD
-5.6032750051427405,-5.161121150399891,BRCA
-2.42123406528942,-2.7687672471966076,BRCA
-1.7621784094984698,-3.5857374117375103,BRCA
-3.544433665639933,-4.8827491948362765,BRCA
-4.817438104421949,-3.7307793274588685,BRCA
8.244497386376722,-0.78754297735688,KIRC
-4.842588302630839,-3.6878148979345347,BRCA
-4.136700542174219,6.502642784207642,PRAD
-4.728080261006898,-4.49748436594503,BRCA
8.519144542358774,-0.6059612023509291,KIRC
-0.21842042901152106,-0.06674998061279061,LUAD
-5.052994997300792,-5.041193748269953,BRCA
-5.6398315016184215,-2.4054999401277786,BRCA
10.809744749096078,-3.27003640970882,KIRC
-4.667279986924168,8.262347322698313,PRAD
-4.280157359930331,7.217076339720167,PRAD
11.458909483074326,-3.1090488433021917,KIRC
11.406803558749953,-3.0158789190071276,KIRC
-4.278156217299391,-5.673607442150046,BRCA
-4.13204708332397,7.332030145998964,PRAD
1.4600534655162605,2.2930069818985923,COAD
-4.243679356768319,-5.740606340357649,BRCA
-0.9977346061323751,0.775239441246842,LUAD
-4.247461143313079,-1.4009566301990064,BRCA
1.8858967870094732,2.1258649392965734,LUAD
-1.2496028640655232,-3.1910979770737478,BRCA
-4.31886091004091,7.987936769094483,PRAD
1.9382868409112968,1.1909504440667438,COAD
-1.1479060435516928,-2.92652403774031,BRCA
-4.768633677959767,-5.288668552265457,BRCA
3.6152349261935695,2.6966535893329087,COAD
10.97603467401543,-0.023623269992028254,KIRC
-5.653914932255906,-4.155939707698093,BRCA
-0.03600017287052248,1.2148254507013074,LUAD
1.8800932013974971,-0.2785825854054533,KIRC
-5.269436920765237,-4.388392185434677,BRCA
-0.712665484809006,-0.007010767367290978,LUAD
-5.0935350467078075,8.539527457961338,PRAD
3.090636176584587,4.499957936622674,COAD
-3.844457871595143,-4.866412159639092,BRCA
-4.475669980498271,7.871192147067412,PRAD
11.261491878645014,-2.7884116511274786,KIRC
-1.751750213250534,-3.075820085520558,BRCA
12.105584939908903,-0.13289013476498043,KIRC
-4.565524064527495,-3.9258971847677957,BRCA
-5.208844143144701,-4.177560494949398,BRCA
0.040347016911113594,2.5804765125040254,LUAD
-1.4615948255941458,-3.6796388294093676,BRCA
-0.3356651435589853,1.008918136610242,LUAD
-5.157507305593377,-4.54378441832782,BRCA
8.333352711116893,-3.500819389716794,KIRC
-4.965433091174723,8.444502049976224,PRAD
2.234122988966664,2.6917907503243494,COAD
-4.072943861441445,-5.7647275552878225,BRCA
-2.8986055230038827,7.903987168951968,PRAD
-5.0321227115252825,-4.407259444248735,BRCA
-3.8441694301966143,-5.554099914824301,BRCA
-4.49352624366677,8.0424160808191,PRAD
-3.7882317087421056,8.44077607265456,PRAD
-3.089750178077358,-3.3553989531934216,BRCA
-5.439990564249781,-5.869235892181629,BRCA
11.673853981239676,-0.3000518691465409,KIRC
-2.1668005955472682,-3.782604139595641,BRCA
-4.746451561822083,7.915696899038827,PRAD
-2.785604132730286,7.352585139868723,PRAD
-3.960663724266378,-4.645072469687452,BRCA
-5.097623465772554,-3.8303351821830804,BRCA
-5.395840846267176,-4.886671753786538,BRCA
-4.909374498338288,8.161536524528557,PRAD
2.8742778546378687,4.511557719941705,COAD
-5.706866831431216,-6.383742214750931,BRCA
-4.5162468131051945,8.398051089828943,PRAD
-3.8396210600869876,-5.09753680056495,BRCA
-4.770331586369824,-4.649906104372904,BRCA
11.294660105178831,-0.8739937314665108,KIRC
-4.928414793465502,-3.8140583805964337,BRCA
11.747872711188268,0.20069027813020862,KIRC
-1.2322054008204564,-0.2918781716338977,LUAD
11.489527010997238,-0.6036745999175015,KIRC
1.447649519861144,1.09515691596775,LUAD
2.050693090508337,5.075394271006757,COAD
-1.6451182116611598,-0.3735543392346538,LUAD
0.8459215909553666,2.3367648423548455,LUAD
-4.511876635481102,8.276836572249763,PRAD
-4.966936576382819,-4.032165658325502,BRCA
-1.3789504995171482,-0.8341071930915369,LUAD
-4.717854231146961,8.236027893233706,PRAD
-4.69696925785044,-2.5342671885892387,BRCA
12.521296620691514,-0.3163656790205632,KIRC
12.668788480226652,0.47515983529644407,KIRC
11.532851059188044,-0.7939293135731775,KIRC
-4.20664466451464,-5.641003675795781,BRCA
-3.826825625975389,-3.86548691287133,BRCA
3.5249604747575365,2.9052562144976077,LUAD
12.076308140142856,-2.4346633960524926,KIRC
-1.0675544922366367,0.4994316219590901,LUAD
-2.742755948650799,-4.314508072529049,BRCA
-4.989416045659019,7.447345326034267,PRAD
-4.231354788020429,7.242081378113297,PRAD
-4.534358989580837,7.718049258648372,PRAD
-5.8152048930346,-5.29401841332145,BRCA
11.80482905777711,-0.3176919933027372,KIRC
-1.4322878067728848,-2.7515098587907616,LUAD
2.4567679361051566,2.0618538597164675,COAD
-0.6600153524312047,-3.209854000033543,BRCA
4.823990715614298,3.8030416932693125,COAD
-3.849899159510501,-3.6648709751801096,BRCA
-3.923371824330413,-4.626380210475627,BRCA
11.434838761243551,-2.704742684955579,KIRC
-0.4727374107612272,-0.18712674422154146,LUAD
-3.837156188419309,-2.5291787089839928,BRCA
9.602596045159567,-0.14332130991420156,KIRC
3.34810120119395,1.5235024474347683,COAD
-5.132595344265146,-4.395125735225614,BRCA
-4.704586493571855,8.487589259532028,PRAD
-4.894905056385602,-5.243059045712043,BRCA
9.435043423204721,-0.28931963623608725,KIRC
-1.091621107187882,-1.2409100987981714,LUAD
3.0684483018574893,4.696344940952514,COAD
-3.5449599660499143,5.924657492582644,PRAD
-4.026804795949694,-1.618826991569762,BRCA
0.05778668651769697,4.3709295555569305,LUAD
2.4701286037537282,2.4388214694370927,LUAD
0.3570796270893763,0.5363416232505087,LUAD
1.45175529618322,2.492184113052308,LUAD
-5.732445252598405,-4.973598632560445,BRCA
-4.71602008571149,-5.246735040320288,BRCA
-0.24327175919977556,-0.5360103617766991,LUAD
-4.76180878995017,-3.465667589124392,BRCA
-4.613418668627457,-3.3226802505904667,BRCA
-3.0288658255946657,6.139070087584822,PRAD
-4.840975447584266,7.801969667591376,PRAD
-0.3522898580344834,0.03663360625737923,LUAD
-4.8883306596817375,8.290591536897194,PRAD
-0.895945312215514,-0.5971270379304153,LUAD
10.33153131935886,-3.448157017904433,KIRC
-4.493363310805061,-4.292717797403096,BRCA
-3.980984034849848,6.410610212224575,PRAD
-0.23643617226543,-0.6114599919690339,LUAD
1.3079967577318778,2.19483783449875,COAD
10.881739843941158,-2.7662560520815362,KIRC
0.9090346934123597,2.18412403752401,LUAD
-4.305417887308195,-4.777750859167122,BRCA
10.044977070778836,0.5801176571484148,KIRC
1.2588341467702189,-0.02066389218980432,LUAD
-3.7337373112090897,-4.967171805777861,BRCA
-0.4850677521113948,2.321387093524524,LUAD
-5.611551674058292,-4.564128374759382,BRCA
-4.8894079619275495,-4.046421226107461,BRCA
-4.551942205286909,-4.505015703502965,BRCA
-4.418918278327559,6.489258438740985,PRAD
-5.621730487304105,-4.151862064711084,BRCA
11.521055540876914,-0.19545326449619413,KIRC
1.5518498663551084,1.7595417578961454,COAD
8.110671301996884,-0.038916740532140746,KIRC
-4.912326590893034,-4.524401361630245,BRCA
-4.51448717243013,7.2420594635598645,PRAD
-3.874853005889121,7.295297401605213,PRAD
-3.513369713353413,7.368241586670204,PRAD
-0.4313430034083105,1.3005109221981064,LUAD
-0.2151438269261544,-0.04860371077256534,LUAD
-3.5658876516704616,-4.436889795241177,BRCA
2.1914995065231295,2.4015610103896554,LUAD
2.6964057662805945,3.221543120684709,LUAD
11.06377455270206,-0.006106113215642865,KIRC
0.6796659981939633,3.082260712180512,LUAD
-4.346090281986017,8.25257755388867,PRAD
0.828122999000472,3.6438273119572018,LUAD
-4.501726349481173,-4.445727716620818,BRCA
-5.002266261122769,-2.6669956302272695,BRCA
-4.731093353940507,-5.629384069774313,BRCA
-0.33427728448350447,1.0071314098437234,LUAD
0.3003434864919688,0.01713812749384592,LUAD
-4.749895261055558,-5.061141752739012,BRCA
11.566176793414066,-3.5277023787325046,KIRC
11.949522028670215,-0.8304187029329214,KIRC
9.860198664739421,-1.555182254862503,KIRC
12.28845824920065,0.18923832204463298,KIRC
-4.685126798813878,7.791121395732797,PRAD
-2.1284319799094176,-2.35645231908696,BRCA
-4.243671065261397,6.643193988845018,PRAD
-3.3786047642051718,-3.203873357184645,BRCA
0.34781452704536203,-0.05701595941630246,LUAD
-1.0689547063484168,1.5060302910735122,LUAD
-4.397910790784747,-4.540643893880725,BRCA
-2.0203984491128417,7.212360001739316,PRAD
-4.154847396549739,-5.08938202596351,BRCA
-4.320431247102016,8.53851961062794,PRAD
-4.401132023784937,-4.093007662596197,BRCA
-3.637141009909636,-4.202986935476907,BRCA
-3.835160616514594,-4.0329307657896685,BRCA
0.07618241582202848,0.9310064042970128,LUAD
-4.043775160270844,-4.569954445908171,BRCA
11.04147889292811,-0.9958956835402241,KIRC
0.751038461293727,1.694825361611258,LUAD
11.818767622271297,-0.356315434971538,KIRC
11.844136047661316,-0.8802357823430522,KIRC
0.41940836653793223,1.2410480675924205,LUAD
-4.9056268066952935,-5.0670394805536665,BRCA
11.091267798294345,-2.8129622999852493,KIRC
-4.516071456121887,8.259126756462765,PRAD
-4.361271898107032,-4.899107617380489,BRCA
-0.5843122785901913,-0.3927963737424244,LUAD
2.8134470885875187,3.8460765269516584,LUAD
-3.272753274824683,6.8725141189870245,PRAD
1.1636937072180293,5.264116208760405,COAD
-4.431534162678081,-4.310509528274906,BRCA
11.843706373447192,-0.9826042377490077,KIRC
-4.54297604217469,8.325577244130788,PRAD
10.016428721438109,0.7699564106262627,KIRC
3.28937744180122,4.578359325896244,COAD
-3.1979713297037193,-2.2696109065422556,BRCA
11.849884602946343,0.1973525765019673,KIRC
12.462891069602467,-0.8203332196933468,KIRC
-0.8318193198325005,-0.43166193200571384,LUAD
-4.752638452661226,8.572495974530316,PRAD
-3.888974970832305,5.612336224259124,PRAD
0.8578092863077046,2.45206521945264,LUAD
0.16000738645179238,2.788992448475839,LUAD
12.361315014578823,-0.017568200684951758,KIRC
-3.986212007585628,-3.71437121274549,BRCA
-1.8190326441873146,-2.876473947190466,BRCA
1.9411902511434753,4.421458937019971,COAD
-1.1913695599518777,-3.8438317773657045,BRCA
-4.429497320135464,8.48629393479302,PRAD
0.9465909479421558,1.984133178459429,COAD
-4.505183307859765,-3.096808347153558,BRCA
-4.412095480100904,8.320987713316862,PRAD
11.757302879152219,-2.8714965221289748,KIRC
-3.316916354719823,7.752110186743131,PRAD
-4.8350422326986795,7.523353025395574,PRAD
-4.731736442517868,8.326827340181058,PRAD
-4.965480197503443,-4.683548784906898,BRCA
2.664342341417357,4.453864962810787,COAD
2.234378435124316,2.0793413911984486,COAD
-1.0386921217356033,-0.8224321875090649,LUAD
0.873182611192948,0.6783314699719524,COAD
2.4874829058155408,1.088935359974644,COAD
-4.42855698542828,8.352483230600182,PRAD
0.020900656357490045,1.6906170440408828,LUAD
-2.825636063836348,-3.0346935489468834,BRCA
-4.298518455437733,-3.6963958549542073,BRCA
10.729294323182703,-2.9008141359132686,KIRC
10.253758180026878,-2.833387849345287,KIRC
-4.130656944563919,-4.746221511707575,BRCA
2.6110230610228022,3.150106499093813,COAD
-4.4253073668029055,8.456482159471518,PRAD
11.492500678723085,-2.6908712053989747,KIRC
-4.589646766356132,7.393511378278442,PRAD
-4.59446238266086,-4.931441129556191,BRCA
-4.482160834283389,-3.841500860713343,BRCA
11.634656909845896,-0.05486120942133161,KIRC
-4.608505634364962,-5.055008144201026,BRCA
-0.9152447820375015,-2.2167027766451115,BRCA
-1.666282234605101,-3.07255599537203,BRCA
-4.559943762390025,-4.114717463466261,BRCA
-0.901912902507605,0.6649468210081253,LUAD
1.1721608257672564,3.0281956260389427,LUAD
-5.008848595424847,-5.069190352764893,BRCA
-5.224361616960484,-4.41098338940864,BRCA
-4.411978270228426,-4.3559517184872965,BRCA
9.17336618888903,-2.9316376282250642,KIRC
9.924109650214046,-2.7917272918460245,KIRC
12.422209394288,-0.5533559298736307,KIRC
10.234026339322709,-2.9185346330900783,KIRC
-4.449778253654041,-3.0071724852980988,BRCA
-1.6119541879917434,-4.436992839248815,BRCA
-4.20465601118541,-4.208831860299928,BRCA
10.173447956535206,-0.7512405537306134,KIRC
-4.881442141492188,-4.3671411947248036,BRCA
-5.758785491084857,-4.299894747139576,BRCA
0.4806186973770768,-0.20080383770811638,LUAD
-4.641586726389352,8.274278827348919,PRAD
-5.575632338970618,-3.3878454695949047,BRCA
-5.0354310731676435,-4.794787471201228,BRCA
2.2034475831236304,3.3561953777253564,COAD
-0.41398075090401554,1.5600645236981505,LUAD
-4.062619124298103,8.318292325436959,PRAD
-5.307240247363948,-4.328211142790202,BRCA
-3.879393342805737,-4.160721345264662,BRCA
-3.5492443873507433,-3.030024564358212,BRCA
2.336547972696349,1.5997927773394358,COAD
-4.968242538884563,-3.696836930274631,BRCA
-4.471619143172234,8.238338168491856,PRAD
-4.6173971687072015,-4.145681743217128,BRCA
2.5567044268950077,3.095344899634505,COAD
0.9426884054329085,2.465332600424298,LUAD
-0.1443554498278819,0.373804817741629,LUAD
-4.70641745828448,8.520884585491316,PRAD
11.672231194430129,0.14755473249888576,KIRC
-5.5579990792750955,-3.241795318742385,BRCA
10.46169636722482,-2.7774825834536934,KIRC
11.77344501251402,-3.2300458797109446,KIRC
-0.9731823689607059,-0.28964033158389335,LUAD
3.1319472431013753,2.6510886465199914,COAD
4.7077068660642,-3.3367092685421675,KIRC
-5.729792033088806,-5.274047770921554,BRCA
-6.055105889336925,-5.780987511246939,BRCA
-1.2290320395146423,-4.029579312202282,BRCA
-0.7145393569791029,-3.0494543390666333,BRCA
10.388736745235144,-3.2146674882438093,KIRC
-3.729306506596787,-4.893411565023942,BRCA
-5.013261706784608,-5.784464613509287,BRCA
-4.7761139407059074,8.571019230847734,PRAD
-2.203260628170648,-3.4105725190598766,BRCA
10.187880047021377,-3.1394322711108944,KIRC
-4.839132404379232,-4.331158402975896,BRCA
0.42856575944137804,-0.283339640553828,LUAD
-2.868207381216882,7.418149686850751,PRAD
10.771566162544262,-0.6796035093950149,KIRC
-4.061500302567649,-4.880241584556019,BRCA
-4.175780643237739,5.7177002346067205,PRAD
2.661765102871944,1.403026465861136,COAD
-4.277510415959179,-3.971743967047629,BRCA
-3.050265074003986,-4.229599411827124,BRCA
-4.316392746938046,-4.569808413608753,BRCA
-0.1836711053488541,-1.9340968029843695,LUAD
0.6039783728808603,-0.45927119962238583,LUAD
0.24212432398970912,0.7752046085503035,LUAD
-3.615159784501488,-4.763768183066815,BRCA
-4.312539884976118,-4.2232435671482405,BRCA
-4.395325334569999,7.818056220089095,PRAD
-0.20657248191369829,-0.3711770052887333,LUAD
-5.103202793449346,-4.78241112705144,BRCA
11.839474389212217,-0.3555910650449387,KIRC
-4.579737721543365,-4.574701762752809,BRCA
3.1955240023924385,4.353165805452578,COAD
2.9657877338115965,4.9422426254996354,COAD
-0.3417429190060834,2.0432459532384537,LUAD
-5.011684834949405,-5.296504543096667,BRCA
12.393082296655967,-0.595483581276775,KIRC
-3.3295291064518726,-3.6025354163294527,BRCA
-3.859246867346906,-4.87537300995495,BRCA
-4.068772997852095,-4.530777582161314,BRCA
2.6647431417998346,4.333593091295363,COAD
1.1238428117322175,2.655158128566371,LUAD
2.6210531104624426,5.115825153340838,COAD
9.058590458998639,-1.866290726366423,KIRC
-3.8047240172770556,8.199506087651836,PRAD
11.120604946693621,0.5323462522971302,KIRC
-3.714962640233502,-3.0230331799455,BRCA
-5.067918839118481,-5.444523765127023,BRCA
12.452173332253453,-0.12420627223266378,KIRC
-2.080265456557947,-3.1397755348927983,BRCA
2.4371992632782957,2.4934707439831767,COAD
-4.967903972265738,8.144494190656202,PRAD
2.8328757498363206,1.9567061337780651,LUAD
-4.478265571236889,7.847007675101699,PRAD
-5.087147211419857,-3.473431370193781,BRCA
11.179600233813055,0.7796797733501191,KIRC
-3.997905487195969,6.746116601801519,PRAD
-4.6729168439158935,-3.752044952107977,BRCA
2.650074326705702,0.8498554355243176,COAD
10.780078126498708,-2.4507750694203,KIRC
10.643308723380626,-1.0754289291923933,KIRC
3.698999105719979,3.631634844813207,COAD
1.6707411693862309,5.526554598415187,COAD
-4.336414333347535,6.354328139766814,PRAD
-4.167719092892064,-4.987562597785441,BRCA
-4.775848548503841,-3.6239970095253122,BRCA
2.802099879195317,3.8806778340756134,COAD
11.890522580646927,0.04143422323891482,KIRC
-0.11258233114163997,-0.7822390548625073,BRCA
-3.9684336037707437,8.86102948302515,PRAD
-1.4517389129105744,-3.0112107661226983,BRCA
-2.8190197146842797,-4.74350238702098,BRCA
-4.193278553835984,-4.624527683839219,BRCA
0.3001982184900872,3.282984220191762,LUAD
-0.3485043504042826,1.338408896136281,LUAD
10.617092535190373,-3.443633149294294,KIRC
0.8441183357929994,-0.1463409311807701,LUAD
-2.370058052637897,-3.3887024532976677,BRCA
12.626041699779414,0.4406726123781496,KIRC
3.857061392418671,1.8467260133160999,COAD
-2.9625494199257107,5.118294618918601,PRAD
-3.812078744102884,-3.740392478839935,BRCA
2.0783804754171182,3.0459591786816773,LUAD
-4.489253502840297,7.816066483633372,PRAD
-4.6417944905981185,-4.363595616782495,BRCA
-1.0640066055447068,-2.2339897425751842,BRCA
-5.730294867138207,-5.388437766824966,BRCA
-0.611838614187373,0.8446354023947805,LUAD
-4.248223996781716,-5.808370740648968,BRCA
-1.735756154620585,-3.264633193151701,BRCA
-3.8070435142939347,7.2633173916027856,PRAD
-4.035485355149273,-3.7353818478137306,BRCA
-4.948554043198516,7.756978131498876,PRAD
3.5147831617123053,4.022709553090289,COAD
-4.686688509080633,-5.250655215213163,BRCA
-1.5968397512581616,1.1572955819434,LUAD
-3.787818637376956,-4.364223703457994,BRCA
-2.091483059237133,-4.14570069417965,BRCA
0.8396584528164668,0.6290527929037792,LUAD
-4.438944995836404,-4.779489363936983,BRCA
-4.450276684647254,-5.047429101841895,BRCA
-4.787274332134457,-5.212215993956286,BRCA
10.456001284172846,-0.17647686244694105,KIRC
0.6192978663055025,3.3589425497792034,LUAD
-4.1627146626402265,7.953727164464207,PRAD
-4.0649941298346866,-2.2633176551407614,BRCA
-5.000133458263188,6.649057797985285,PRAD
11.69635403808113,-0.29121422076804354,KIRC
-4.970673344055358,-4.450338157699501,BRCA
11.717895783051352,-3.3963449416830773,KIRC
1.668443468233288,2.14802285830311,COAD
-4.4281471629147875,-4.67134203220932,BRCA
-5.146017054749523,9.085180703228941,PRAD
-0.44437771269790716,-0.8818363580941745,LUAD
11.243337946569905,0.6450798279112718,KIRC
-4.644026586934828,-4.6828660043626975,BRCA
-4.332399871022369,-5.181095728957699,BRCA
11.960990143787981,0.6908340792081491,KIRC
-2.4435981370814828,-3.651587554398155,BRCA
-1.2471301387551366,-0.5957115916701813,LUAD
-2.231565940209494,-3.1384489492357543,BRCA
-1.1420704147839964,-2.9245769752595225,BRCA
-3.8422568889002324,6.937859213998512,PRAD
0.6124741195652357,1.5932910867046974,COAD
-4.374761292961326,-4.248438953012961,BRCA
4.8380139455804905,0.06968928438239658,KIRC
-0.23458534539885098,-1.063920308139845,LUAD
-4.544045813300973,8.129823253456056,PRAD
-5.146746959205753,-3.4233155969839513,BRCA
-4.235417716572652,6.657081958332078,PRAD
-4.250354979703257,-5.243842989025581,BRCA
-4.698267110747209,-5.038178024030633,BRCA
-1.1380856161838546,-3.98384283847562,BRCA
-5.755860807824181,-4.353967139206929,BRCA
9.461526468583589,-0.6389826638699676,KIRC
-0.536271550728076,-0.9414019848112584,LUAD
-5.1754435720759275,-4.217698531734092,BRCA
12.651331510795647,-0.5636244334010642,KIRC
-4.649085764029552,-4.631621583382972,BRCA
-3.549880712799655,-5.260267740273209,BRCA
-0.14877837174183411,-1.9259246551664837,LUAD
-0.6612922402237253,-0.05990270445382372,LUAD
10.992495382088123,-1.5989964522297384,KIRC
3.180150080567831,1.3721378241294169,COAD
-4.40222067075949,7.684149946677211,PRAD
3.2634079052046023,3.9152117774316806,COAD
-4.9396274348656615,-4.7736542419855015,BRCA
12.080560985040496,-1.4010291298966104,KIRC
10.212074932665018,0.03724232106463047,KIRC
-3.530119191538889,-5.096917574992906,BRCA
-3.490785949138972,7.871573618436912,PRAD
10.909247886865348,-2.8775023652542027,KIRC
2.2476456668044262,2.4558502051314473,COAD
2.414146141167746,4.6100183480034325,LUAD
2.8861382527880957,1.3522374246549345,LUAD
-4.78593023495565,-3.635375299557561,BRCA
-4.9385000741031755,8.557241323732793,PRAD
-3.7799501068396,8.131670846362884,PRAD
-2.2278530061024764,-2.8043254309220926,BRCA
-4.706924870541667,7.310723478317534,PRAD
0.3829732638583279,3.4174523013847984,LUAD
11.888630335974307,0.15399888838769898,KIRC
-4.24029876484458,6.397994572490058,PRAD
-5.0610877787384,-5.281495318467566,BRCA
-1.3119070990751651,-0.6372891091344735,LUAD
-4.434123299296519,7.760531784882169,PRAD
-0.6520572092389321,0.6129363990573723,LUAD
-3.779697521651378,-4.635185845777934,BRCA
-3.2671304131357943,-3.8537926359548345,BRCA
3.5441971571208724,3.9200852184652226,COAD
0.3533590670520378,1.0751955198717447,LUAD
10.636745168652105,-3.7004772262044097,KIRC
2.6869849338868055,0.4046336933776659,COAD
1.0048339616608561,0.8558208660248836,LUAD
-4.83808529449959,-4.401750233950658,BRCA
-4.606973189639486,8.39008289840824,PRAD
-1.365713207251607,-2.271216713606336,BRCA
-4.092855221803174,-4.019354655711893,BRCA
-4.264311705422932,8.154838791478422,PRAD
-4.701173803141246,-5.315050267733821,BRCA
2.2238634676981186,1.4800480158337315,COAD
-5.327644198857823,-3.107820561795721,BRCA
2.224324074522445,1.864543335127546,COAD
11.532710349737677,-0.177988583850522,KIRC
-4.124183917929752,-5.797551944702301,BRCA
-4.9539096628570745,-6.419340334445679,BRCA
0.4159491184600402,1.082209817780868,LUAD
-0.32103101417281127,2.56077458174842,LUAD
-0.15940871641513665,1.6873583556114866,LUAD
0.32320820708400533,1.3315138596295284,COAD
10.842316172429229,-0.12003037335451312,KIRC
0.031237719314046196,2.325880107651712,LUAD
0.3719128668758093,1.9662447885937961,LUAD
-4.565065039888436,-5.64766826971156,BRCA
-4.398014578486591,-5.128856884005514,BRCA
6.58108618067771,-2.2007611180199436,KIRC
-4.799673650253989,7.953069322663311,PRAD
-0.9585277748391944,1.2829686806879324,LUAD
-4.901562225284173,7.914374037453262,PRAD
-4.538595917108519,-4.333137787938997,BRCA
12.065869782704123,-1.6307905046215325,KIRC
-2.8147056187871415,-4.813909989686585,BRCA
7.790084759250154,-1.1470442701745402,KIRC
8.16416454428797,-1.1249220907935518,KIRC
-3.743005072539318,5.919564255359319,PRAD
-4.093892211188978,7.722175184921469,PRAD
-0.8343969629159176,0.835212551227329,LUAD
-2.498282984632896,-4.173196432630763,BRCA
10.30849676480201,-1.2406172842448753,KIRC
2.5972685389695163,5.286060688226121,COAD
2.757923668914695,3.926538141058312,COAD
-3.286845999707567,-4.243413957188821,BRCA
11.365144658495742,-3.1215929785988563,KIRC
10.768263008710193,-0.1643528097915215,KIRC
-5.195862640751469,-5.105116628095903,BRCA
-3.8238061458467865,-4.012769736942014,BRCA
-4.572587415039352,8.236378466674633,PRAD
11.132792652217166,0.5091197874348006,KIRC
2.187113522568797,1.4310279305202043,COAD
-3.94140947371111,-3.815011700900939,BRCA
-2.0001850933794434,-2.9553641669624167,BRCA
1.6028067334366758,4.455430987319387,COAD
3.0202568973795283,2.403312730661872,LUAD
-5.172548400185991,-5.762450682726,BRCA
-5.639207529313247,-2.4157302507314315,BRCA
-3.7349067209740068,-4.893147546053157,BRCA
11.542792005980314,-2.5916468724804536,KIRC
-4.834256889891609,8.438905215350202,PRAD
-0.3883844743837659,-1.977145198650493,LUAD
0.291787409863584,2.539699130919752,LUAD
-3.746066126155645,-3.9724726953238347,BRCA
9.802507455393414,-0.6021904387575859,KIRC
2.7458205860266744,3.133311658900965,COAD
11.37143247022733,0.008145147740307872,KIRC
11.835676820411397,-0.45868654770892037,KIRC
-5.060629713221163,-4.248031475857987,BRCA
-4.889512235600925,8.068088210920724,PRAD
0.4321756247335972,1.6093697844965824,LUAD
11.746818031687198,-0.5136977396928065,KIRC
-4.442366770370473,-4.054289358706682,BRCA
2.891969088165914,0.9283200578050661,COAD
-0.7222796384944532,2.222134373510468,LUAD
0.27243485229600706,0.268856812023768,LUAD
-1.0017561773756276,-0.9263070953482928,LUAD
-5.082161400844931,7.914536623172827,PRAD
-1.6606332735743135,-0.8016960355384737,LUAD
12.576970172930837,-0.3137058510895581,KIRC
-3.8481459626883323,-4.646270927046288,BRCA
-4.881132016584889,-4.545402849826291,BRCA
2.8526437321104834,2.8423691156474926,COAD
-2.931820449056004,7.5434218937621855,PRAD
-1.1286494800849827,-3.0375737445010014,BRCA
-5.207567686619343,-3.9700686831326486,BRCA
-1.6864446274117577,-3.858844335711117,BRCA
10.730841172887178,-2.0415225079025205,KIRC
0.37221580046817315,-0.43469656229494036,LUAD
-0.7987170800574885,0.9783319941099088,LUAD
-3.253791652783343,-3.0096057238960965,BRCA
-5.075469441725028,7.632488935941749,PRAD
-0.24276812811043388,-1.6577298522251682,LUAD
-1.0033321312699548,-0.26358232223401884,LUAD
-3.7499476346979423,-5.2126732975172825,BRCA
11.964239358197457,-2.231197682077051,KIRC
-3.6498521956142236,8.384019905539214,PRAD
2.8394006723777956,3.8710045283773478,COAD
1.46811429227192,2.655075323657783,LUAD
-3.6150756343510855,7.679740517223279,PRAD
1.1515819736240545,1.7415891133306534,COAD
-0.7478961185928522,3.5887709818714084,LUAD
3.965271489896091,5.20543916265712,COAD
10.501235077227777,0.13177554262966162,KIRC
10.530102722588705,0.5845302172387955,KIRC
-1.3652168534052394,-3.292853058210746,BRCA
-4.898426580350433,-5.556491352457725,BRCA
11.785970264563652,-1.133261670397049,KIRC
10.555066505817978,-1.0367463807043145,KIRC
2.1735603843253797,1.4318467755991608,COAD
-4.240028392090858,-4.385511528839182,BRCA
0.13706377454975915,-0.18145803470822588,LUAD
-3.1691763844780656,6.37210889450859,PRAD
-3.9777614764344666,6.075069628204447,PRAD
9.722768466770226,-0.309631111494673,KIRC
-4.161773062618708,-4.90455064280956,BRCA
0.7291304450786948,4.111571730774961,LUAD
-1.720760345767736,-3.102942703287029,BRCA
-4.127935630788737,-4.606253309696217,BRCA
2.1892016530506364,4.728320081050705,COAD
-4.823182005099124,-4.043801301351938,BRCA
-4.977357380800165,9.097325844604118,PRAD
-4.326514697925102,7.86552593227399,PRAD
-0.6233973062764132,-3.2464736883209744,BRCA
-5.654062882416513,-5.383014570746404,BRCA
3.2350724624968574,4.026145110131262,COAD
-3.9227219931536927,-5.0993275756303,BRCA
10.255086428673904,0.12751693390433808,KIRC
-0.7786445925685105,-3.9446601915729036,BRCA
-4.0015846801890955,-3.275447319537643,BRCA
3.1179777139911726,5.321752667475001,COAD
-4.627693416913492,-5.244976457336458,BRCA
-4.329869607353886,7.186843174143198,PRAD
-4.24039922734905,-4.354092658139703,BRCA
-0.44328083281667896,-3.7021891575673016,BRCA
11.498497349930037,0.7593360817130831,KIRC
-4.622465497688997,8.205621068229396,PRAD
1.0857753295608301,3.2979854562167095,LUAD
-4.123602466902544,-3.937991174896376,BRCA
-3.6818796325767766,-2.6162546742641073,BRCA
10.686231626878195,-0.17181544518277406,KIRC
-0.9417361856201636,-3.2038016661904014,BRCA
-4.92550472110886,-4.9552548062638335,BRCA
-5.300876559054874,-3.4109672975689835,BRCA
-4.828913262307809,-4.13815377338751,BRCA
-3.406081302770845,-3.7406017935937306,BRCA
3.0746321737337166,4.28312495230575,COAD
0.833692471626268,1.5429931441320215,LUAD
-0.6904153755284054,0.22757509653430869,LUAD
-2.1462199889839746,-2.2706738941318996,BRCA
-4.869977159643597,-4.577214413668718,BRCA
-1.834547276650852,-3.8545122780969985,BRCA
-4.051058685069884,8.24460006077888,PRAD
-1.327690473369877,-3.2201918869840123,BRCA
-4.834836406090528,-3.4433346210264673,BRCA
10.880250038682677,-3.501842571729793,KIRC
1.7742542673978736,3.426549401760813,LUAD
0.8251601378476586,1.9467319451127438,LUAD
10.274183874328173,-1.4662607071002636,KIRC
12.070921697945684,-2.7212736758716543,KIRC
0.5550108389594526,1.5031389684757877,LUAD
10.957862698864824,-0.3293326465251568,KIRC
3.17189990682023,4.495770446329062,COAD
-5.102976250166682,-3.8880990508686724,BRCA
2.6782751508354266,0.9797016049290321,COAD
11.029173609006252,-0.3930552131171011,KIRC
-4.212281631060502,-5.745361467734583,BRCA
-4.9467810946315725,-5.208523822694259,BRCA
-4.450523506783622,7.9912353686688995,PRAD
-4.542594693051034,7.553383705277433,PRAD
-4.488418790475479,7.694660985223324,PRAD
-1.248396882759591,-0.8683409517687664,LUAD
-3.9615088716222346,8.357939484771563,PRAD
-4.326388338224138,8.39871747664067,PRAD
2.611618358620857,3.8562647844250892,COAD
-3.7334027995967993,-4.143890855587094,BRCA
-6.034874030217287,-4.303838626299583,BRCA
2.6178058134639763,1.9113536931123696,COAD
1.549062553400521,1.6200465271752276,LUAD
9.250283689303599,0.3959474267380194,KIRC
-4.5287050644302225,-4.555271429708367,BRCA
10.963249739193927,-0.19737898512966548,KIRC
2.6420386254849846,5.1164134254737945,COAD
-4.629062403956769,-4.32355212136011,BRCA
-4.835340602627056,-5.322868993501073,BRCA
-4.3308760120275585,-4.142143758776179,BRCA
-4.362201964138482,8.098070991341384,PRAD
0.9768966745291621,3.2669628051606403,LUAD
9.380889100651338,0.42504182695925663,KIRC
-4.93705960618004,-5.077783349365539,BRCA
-2.826456404265367,5.550004028465102,PRAD
8.015363177754493,-0.32507176926664283,KIRC
-4.396415977412248,6.733999202430333,PRAD
-3.6757468477900916,-4.487681004475929,BRCA
0.4344968317719195,1.7351854976387864,LUAD
11.697024241920193,0.2055836368006135,KIRC
-5.10818013768967,8.416079302784992,PRAD
0.19817119038336117,0.687105491004686,LUAD
-5.020152950512279,7.910197178643844,PRAD
-3.9107862251516954,6.896396775519428,PRAD
-1.3857644778834914,-3.5952198322999775,BRCA
9.997883326008322,-2.4570380410230532,KIRC
-3.4643688088671465,8.441877391321619,PRAD
0.08754664049073195,1.4651645405496403,LUAD
1.7469020283882641,1.6983955230001717,COAD
2.4989234802389055,2.8942073719864028,COAD
-4.90684346987297,-5.0179393620504795,BRCA
-4.99275740666576,-4.888126204256569,BRCA
-3.7540710405300914,-4.4988550986399805,BRCA
-0.08717424476913233,2.288683978925851,LUAD
9.547450301571844,-0.8385481094231778,KIRC
9.106880967018123,0.8066263252333968,KIRC
10.108094491577935,-0.40040164766332703,KIRC
-5.561358048377246,-4.351766560350336,BRCA
-0.47421005327485355,-0.3551706957298292,LUAD
11.440233388655972,-1.043228969689877,KIRC
-4.16440753639117,6.948537379317919,PRAD
-6.051220489293568,-4.046197950821643,BRCA
-0.0521941603941891,-1.1060964927281687,LUAD
-4.323173044609747,8.528162753389644,PRAD
-4.6659437047877335,-4.665405884431046,BRCA
-3.706942946548743,6.794585841919301,PRAD
-3.79694251271604,-5.152373598391605,BRCA
10.819762342121464,-2.2029614808806945,KIRC
-1.6424062577279879,-3.63846048669491,BRCA
2.1262691761747594,1.5522994241776646,COAD
-4.710363388248626,8.227871040832209,PRAD
-3.8717324405256335,8.218664287337829,PRAD
11.372879471660003,-0.2521333792738551,KIRC
-3.7534001100736094,7.4371048971349145,PRAD
10.579409452240258,0.1582233173867715,KIRC
-3.6733194268138467,-4.701970799257238,BRCA
0.08226592696373361,-0.262669152999645,LUAD
-0.17614727225640528,0.12568503826076174,LUAD
-2.843625849069016,-4.211496434308577,BRCA
-3.798927022676967,-2.836950458920772,BRCA
11.892401269809286,-0.033576225802670494,KIRC
-4.227827623560857,-5.1685452300846615,BRCA
-5.261439299918502,-4.358609482920359,BRCA
-4.018855278043807,-3.917606459258561,BRCA
-3.359062838927831,-4.788403072743423,BRCA
10.475269013578208,-0.8614168037471128,KIRC
10.50028780140253,0.4167021071161575,KIRC
-3.4222178913537507,7.558401123978988,PRAD
2.395976019889232,1.4666395308905547,COAD
10.873782625285587,-2.743565229137365,KIRC
-0.4685710911789065,-3.3067027556521826,BRCA
-4.627124108088509,-3.6323532567629835,BRCA
9.789321572435789,1.2965231491219777,KIRC
-4.069420937927452,-4.671321035008069,BRCA
1.2388349816047015,2.5000543629834078,LUAD
-1.9346640169738973,-2.5485264196744803,BRCA
-4.366779825248392,-5.075498630575942,BRCA
-3.952576238632696,7.206350684732495,PRAD
-5.0755290303488705,-3.2873455856548377,BRCA
-4.980942267725814,8.407028537901677,PRAD
-4.826415501487889,-4.9484895139554235,BRCA
2.2806372167798594,0.9676615249035305,COAD
-5.088107219162542,-4.015591410265335,BRCA
-4.704103966903632,-4.46687161124386,BRCA
10.529313007355857,0.5219630327663863,KIRC
-0.8077475235569299,0.6119110563753434,LUAD
-3.690710827870554,-2.6720656971272043,BRCA
-1.1112310958843097,-2.9954891883032864,BRCA
-3.1820719038942955,8.38153154135341,PRAD
-3.688111340894319,-5.227340382850569,BRCA
-4.161663948274377,6.502908158065213,PRAD
2.02418275908307,3.8524190579343074,COAD
-5.228514404407785,-5.812999538907181,BRCA
-4.017694149935393,-3.9567244000635693,BRCA
-4.455005002916996,-4.063678537144302,BRCA
0.5423994572421359,0.7303416099961989,LUAD
-4.193040776720786,-4.550641934215769,BRCA
-0.8764399310431281,-0.9445462013476943,LUAD
-4.12199142339754,-2.7036515189231904,BRCA
-1.6691572787092992,0.7835579875277012,LUAD
11.861188071913537,-0.35191059575917477,KIRC
10.50410928797943,-3.2981377382807353,KIRC
2.0011031560262564,1.2541729972034599,COAD
1.4415118182133386,2.043746565047604,COAD
-4.773243519772562,-4.600760698090349,BRCA
-4.172013460961126,-4.843915294533957,BRCA
-4.1358571161581965,-3.574428727898687,BRCA
-2.2003618444623485,-1.2816683664876318,LUAD
-5.468817751315592,-4.326429521874356,BRCA
0.6300480106833664,3.188327471460405,LUAD
10.352165460791527,-1.6600242556838745,KIRC
-4.781134198742359,-4.474832640277905,BRCA
-0.56940192090571,0.18752639266500185,LUAD
10.876815941943114,-2.749018532295357,KIRC
0.3653215068791755,2.8304458208330168,LUAD
0.9399205994271738,2.561271316941271,LUAD
-1.5733496142346013,-1.200897226377735,LUAD
12.281303631381387,-0.46532981822740593,KIRC
-4.317683644166606,-4.715771472795296,BRCA
-4.613044266951153,7.8651786971507125,PRAD
-1.9420126970883202,-2.9137059058704096,BRCA
-3.6426356960408706,-4.982599120082284,BRCA
10.988413747885232,-0.5466742584665061,KIRC
-5.737582563744209,-4.688115867753506,BRCA
-4.200415600331992,6.9400883463920175,PRAD
8.059090963792634,2.360741647487156,KIRC
-3.4832527419562647,-4.898279071015909,BRCA
-4.971051956516976,-6.045729426111307,BRCA
-3.3203623488967215,-4.8468621683662985,BRCA
-4.911560089922417,-4.701789334494919,BRCA
-4.5153522449151735,7.468953399916954,PRAD
0.8474934423058312,0.14089469142129538,LUAD
-4.180271109820275,-5.003211052333187,BRCA
0.6338444358329671,3.2759892842292864,LUAD
2.8784436591087372,4.0510335513071905,COAD
-4.131691688049312,7.260534476279768,PRAD
-4.644431718511785,5.8973704539290255,PRAD
