composante,variance_expliquee,variance_cumulee
CP1,0.3191574215693015,0.3191574215693015
CP2,0.19162540175498471,0.5107828233242862
CP3,0.15883491170199945,0.6696177350262856
CP4,0.0765734789794127,0.7461912140056983
CP5,0.029503282310832508,0.7756944963165309
CP6,0.024636286885013566,0.8003307832015444
CP7,0.01739577406621927,0.8177265572677637
CP8,0.013339141319582547,0.8310656985873462
CP9,0.008701656758466009,0.8397673553458123
CP10,0.00784747550777579,0.847614830853588
CP11,0.007000455585501322,0.8546152864390893
CP12,0.006449683768302523,0.8610649702073919
CP13,0.005904260240525889,0.8669692304479178
CP14,0.005685741637892979,0.8726549720858108
CP15,0.005243548778871829,0.8778985208646826
CP16,0.005130136486458719,0.8830286573511413
CP17,0.0049435032899975044,0.8879721606411388
CP18,0.004338679274866799,0.8923108399160056
CP19,0.004153460464171187,0.8964643003801768
CP20,0.003988988161420384,0.9004532885415971
CP21,0.003911674766541307,0.9043649633081384
CP22,0.0036369577497470658,0.9080019210578855
CP23,0.0033290347473322974,0.9113309558052177
CP24,0.003223698150789142,0.9145546539560069
CP25,0.003109595646014139,0.917664249602021
CP26,0.0029437443293465113,0.9206079939313675
CP27,0.002903730870177956,0.9235117248015454
CP28,0.0028350650003150252,0.9263467898018605
CP29,0.0028124609100439978,0.9291592507119044
CP30,0.002568936599047616,0.9317281873109521
CP31,0.0025504465826662335,0.9342786338936183
CP32,0.002451193403426969,0.9367298272970452
CP33,0.0023966861362866,0.9391265134333319
CP34,0.0023323350120513084,0.9414588484453832
CP35,0.0022308541896856843,0.9436897026350689
CP36,0.00215843971523777,0.9458481423503067
CP37,0.0021335157827977406,0.9479816581331044
CP38,0.002021452831890117,0.9500031109649946
CP39,0.001984030926071167,0.9519871418910657
CP40,0.0018875435154378523,0.9538746854065036
CP41,0.0018303874267344288,0.955705072833238
CP42,0.0017858936162128932,0.9574909664494509
CP43,0.0017410793139612702,0.9592320457634121
CP44,0.0016690261453567608,0.960901071908769
CP45,0.0016028969653507168,0.9625039688741197
CP46,0.0015590453594692298,0.964063014233589
CP47,0.001537137634570682,0.9656001518681596
CP48,0.0014761755369669975,0.9670763274051266
CP49,0.001423182571459825,0.9684995099765864
CP50,0.0013662972239455193,0.969865807200532
CP51,0.0013206274151976011,0.9711864346157295
CP52,0.001312528348295399,0.9724989629640249
CP53,0.001273592799945667,0.9737725557639706
CP54,0.0012396246921346228,0.9750121804561053
CP55,0.0012347245706220763,0.9762469050267274
CP56,0.0011543563362564852,0.9774012613629839
CP57,0.0011252050291129675,0.9785264663920968
CP58,0.0010474321811929199,0.9795738985732898
CP59,0.001005110963637532,0.9805790095369273
CP60,0.0009565800355053975,0.9815355895724327
CP61,0.0009471519031887395,0.9824827414756214
CP62,0.0009163707127922203,0.9833991121884137
CP63,0.0009010168355283599,0.984300129023942
CP64,0.000877041455194054,0.9851771704791361
CP65,0.0008200927211432195,0.9859972632002794
CP66,0.000789632803139897,0.9867868960034193
CP67,0.0007774175118776034,0.9875643135152969
CP68,0.0007405455229606186,0.9883048590382576
CP69,0.0006985990401359192,0.9890034580783935
CP70,0.0006557297934902913,0.9896591878718838
CP71,0.0006301034054858856,0.9902892912773696
CP72,0.0006261337956598397,0.9909154250730294
CP73,0.0005881252998804194,0.9915035503729098
CP74,0.0005517275787259058,0.9920552779516357
CP75,0.0005401075163981469,0.9925953854680338
CP76,0.0005338810445816805,0.9931292665126155
CP77,0.0004952179369663996,0.9936244844495818
CP78,0.00048446846658645507,0.9941089529161683
CP79,0.0004680298331116368,0.99457698274928
CP80,0.0004508244821525396,0.9950278072314325
CP81,0.0004358827058079964,0.9954636899372404
CP82,0.00042275904388897723,0.9958864489811294
CP83,0.00040955461077702874,0.9962960035919065
CP84,0.0003929867170336294,0.9966889903089401
CP85,0.00038146304754004294,0.9970704533564801
CP86,0.0003684613776726441,0.9974389147341528
CP87,0.00035979593730743755,0.9977987106714602
CP88,0.00033937020028669296,0.9981380808717469
CP89,0.0003229497407810434,0.998461030612528
CP90,0.00031179241472366917,0.9987728230272517
CP91,0.00028418451993057807,0.9990570075471823
CP92,0.00022155102392118272,0.9992785585711035
CP93,0.0001719059016904871,0.999450464472794
CP94,0.0001318585431321166,0.9995823230159261
CP95,0.00011043185078776493,0.9996927548667138
CP96,9.128604457619951e-05,0.99978404091129
CP97,7.279303359047526e-05,0.9998568339448805
CP98,5.7255749718670825e-05,0.9999140896945992
CP99,4.8257488900569154e-05,0.9999623471834997
CP100,3.7652816500168825e-05,0.9999999999999999
