gene,variance
gene_9176,44.76384922341978
gene_9175,36.36193952962276
gene_15898,34.503914541595435
gene_15301,33.458775960494876
gene_15589,31.32584462713662
gene_3540,30.58769574454244
gene_19661,30.080478184618947
gene_3541,28.72168862281685
gene_11250,26.515887424275405
gene_15897,26.019445994391617
gene_439,24.90723564569023
gene_8014,24.536551531457803
gene_15896,23.948238712191404
gene_4773,23.585390492556627
gene_19236,22.2732708016542
gene_16283,22.219047912039542
gene_9177,22.175862069384948
gene_3461,22.16531056160157
gene_8891,21.995722108225372
gene_2844,21.633754313915933
gene_12069,21.598020290809455
gene_7965,21.51076746626339
gene_6410,21.460594408240894
gene_11550,21.367271692133308
gene_10266,21.144495379730703
gene_11355,20.964790749430946
gene_13517,20.921681297534732
gene_18810,20.848759921135102
gene_7964,20.820731862142452
gene_18745,20.7964212731939
gene_13298,20.716593556305597
gene_3843,20.666743051243902
gene_3439,20.597663590270166
gene_12320,20.465578130599237
gene_13462,20.370300465843552
gene_19296,20.277370571513558
gene_17920,19.981072326903263
gene_19373,19.921383371591894
gene_6733,19.889222770238618
gene_19148,19.684104186402344
gene_19153,19.61922376533953
gene_203,19.594954327694992
gene_4866,19.281560308559403
gene_440,19.132464927030174
gene_12995,19.111873086878838
gene_15899,18.975593760362035
gene_16342,18.956878486111073
gene_11388,18.871420055146064
gene_17905,18.865476312033582
gene_11249,18.845791039596396
gene_219,18.832676561309228
gene_4476,18.81458888958248
gene_13916,18.75577422495488
gene_16169,18.717051694575815
gene_11346,18.701609389915397
gene_19151,18.5736787141356
gene_1510,18.526779337513602
gene_7234,18.36655586986433
gene_6593,18.31349118066302
gene_16132,18.240561542822014
gene_7489,18.223398301891415
gene_4160,18.206517067704585
gene_6370,18.20144113523987
gene_9254,18.140360150760895
gene_19159,18.13868688520382
gene_4567,18.090033151825097
gene_9169,18.06264089984102
gene_11903,18.060886800331357
gene_17109,18.029367496544282
gene_5453,18.00138752468573
gene_15586,17.906999578319507
gene_9225,17.869886629719893
gene_9529,17.819650669840907
gene_6369,17.646124932928295
gene_11358,17.64555608305876
gene_7792,17.62831423977228
gene_13976,17.55944879554024
gene_706,17.531406510015866
gene_220,17.505260318969125
gene_18135,17.503332506375678
gene_11566,17.298863372972324
gene_17145,17.25207829416602
gene_8801,17.106397114614307
gene_11353,16.998960630037402
gene_19313,16.97232397800543
gene_4422,16.903890782481586
gene_134,16.866897789298882
gene_7896,16.85822772892873
gene_14818,16.775468630684642
gene_7395,16.76868513484999
gene_2277,16.75625978772122
gene_15895,16.732559538694908
gene_4031,16.692626875161842
gene_7943,16.671232269222706
gene_3869,16.643624960396593
gene_9467,16.621900881256348
gene_16337,16.55626138170809
gene_16246,16.51796694390034
gene_2506,16.472055743517625
gene_12568,16.35269527959047
