TSNE1,TSNE2,Class
-31.594507,10.984946,PRAD
0.40693724,10.078731,LUAD
-25.08827,20.689594,PRAD
-29.45102,16.156143,PRAD
-12.422759,-21.209955,BRCA
-23.651754,18.117922,PRAD
27.922342,-9.493988,KIRC
-24.902122,18.199303,PRAD
7.4118137,-10.844244,BRCA
-25.984842,20.710386,PRAD
-8.508956,-17.304132,BRCA
40.798492,2.2956526,KIRC
-28.024893,11.571518,PRAD
-2.146314,-26.738497,BRCA
-15.568139,-22.919891,BRCA
-12.609004,-22.322807,BRCA
9.449317,11.007789,LUAD
30.436792,-8.052524,KIRC
33.396137,-7.631426,KIRC
-25.308714,11.110703,PRAD
-10.7164545,-27.26194,BRCA
30.032114,-11.281769,KIRC
10.92427,12.206624,LUAD
-7.4668045,-29.141344,BRCA
32.216976,-4.635805,KIRC
0.34259325,13.000734,LUAD
6.283201,38.74819,COAD
-3.1424844,-23.307396,BRCA
8.040251,-13.034401,BRCA
6.4675975,-9.776154,BRCA
-10.566517,-27.303665,BRCA
-11.9591465,-26.691835,BRCA
28.206553,-8.75354,KIRC
-12.462586,-15.015389,BRCA
-24.461851,15.990408,PRAD
-12.64985,-24.69146,BRCA
27.933723,-7.134127,KIRC
2.7061238,11.754074,LUAD
-10.045492,-20.230686,BRCA
-11.87768,-14.126677,BRCA
40.39876,2.8074791,KIRC
-27.326738,13.882447,PRAD
-27.014746,8.752078,PRAD
41.742348,1.7520047,KIRC
41.47926,3.5223694,KIRC
-9.787703,-21.91357,BRCA
-30.520493,17.350716,PRAD
11.688152,39.831913,COAD
-14.361616,-24.075306,BRCA
3.9645476,14.992677,LUAD
-1.9268073,-26.414476,BRCA
4.8657417,15.322471,LUAD
8.395699,-10.562255,BRCA
-25.911825,17.354542,PRAD
10.48032,40.014526,COAD
9.317052,-13.179075,BRCA
-9.737206,-21.147205,BRCA
7.1828146,38.123844,COAD
29.079554,-6.1814814,KIRC
-13.222688,-15.95174,BRCA
11.097752,11.583613,LUAD
26.738663,-10.065262,KIRC
-10.19252,-15.848837,BRCA
2.1906257,12.910104,LUAD
-25.810247,11.1876335,PRAD
5.4054184,38.980556,COAD
-6.9467754,-22.28222,BRCA
-26.385735,18.960743,PRAD
41.320995,1.3463206,KIRC
8.007284,-12.131288,BRCA
31.164934,-5.163692,KIRC
-14.590913,-18.47784,BRCA
-9.790748,-15.481787,BRCA
8.138955,10.848456,LUAD
7.66385,-10.538032,BRCA
10.76502,9.948441,LUAD
-12.122353,-17.32861,BRCA
41.579185,-0.8386258,KIRC
-27.381912,10.506401,PRAD
11.826635,40.369205,COAD
-5.0455136,-28.296999,BRCA
-24.35916,11.608158,PRAD
-8.531343,-15.685704,BRCA
-4.491088,-28.434553,BRCA
-27.70662,12.872704,PRAD
-30.160553,9.727412,PRAD
-2.3599074,-20.076305,BRCA
-14.864805,-16.086407,BRCA
29.676832,-4.3384523,KIRC
7.023536,-11.917842,BRCA
-28.500467,16.5138,PRAD
-24.441418,17.608665,PRAD
-7.6518154,-19.948793,BRCA
-12.489202,-15.095854,BRCA
-16.072994,-20.720907,BRCA
-26.648985,15.313704,PRAD
5.3030214,38.906662,COAD
-15.998474,-21.394981,BRCA
-27.901934,9.937628,PRAD
-12.578166,-18.500195,BRCA
-4.7181993,-23.557518,BRCA
30.226435,-4.9362545,KIRC
-12.363998,-17.402058,BRCA
30.680336,-4.91104,KIRC
-1.0119904,11.831544,LUAD
30.081394,-4.9988055,KIRC
12.965162,13.881878,LUAD
3.7000203,40.886635,COAD
-0.057920624,10.252311,LUAD
12.580251,12.515144,LUAD
-24.766727,13.022295,PRAD
-14.9516535,-19.463573,BRCA
3.9998088,10.474713,LUAD
-28.067432,10.54301,PRAD
-12.570163,-29.212997,BRCA
30.82259,-4.3965516,KIRC
34.53752,-7.72748,KIRC
31.658487,-5.0855474,KIRC
-9.316395,-27.507126,BRCA
-5.265319,-20.695179,BRCA
12.550156,15.175711,LUAD
41.063168,0.47819272,KIRC
3.6660216,14.207356,LUAD
-8.126056,-26.600761,BRCA
-28.09666,12.04906,PRAD
-30.334991,13.542712,PRAD
-30.497787,11.895445,PRAD
-13.731659,-17.498749,BRCA
33.32082,-5.338681,KIRC
4.775681,-10.582785,LUAD
11.760693,39.618496,COAD
6.196836,-12.410698,BRCA
5.451002,38.43099,COAD
-7.0001836,-15.482071,BRCA
-10.801424,-25.757753,BRCA
42.17757,0.5449947,KIRC
-0.41736928,12.749092,LUAD
-2.4373748,-20.723461,BRCA
28.670412,-8.423736,KIRC
7.8210845,38.139637,COAD
-10.242885,-18.983929,BRCA
-26.644152,17.793806,PRAD
-13.392009,-21.799498,BRCA
30.853722,-11.246055,KIRC
2.3553,10.764494,LUAD
4.369828,39.407482,COAD
-30.83683,17.367489,PRAD
-1.929713,-26.45406,BRCA
8.602029,15.209777,LUAD
8.475302,9.931764,LUAD
11.497824,10.272187,LUAD
11.916743,14.74239,LUAD
-14.910633,-15.280858,BRCA
-13.484662,-24.374691,BRCA
0.6657564,11.404489,LUAD
-12.387848,-16.72108,BRCA
-8.479461,-29.446886,BRCA
-25.045923,19.98999,PRAD
-26.587269,11.816068,PRAD
0.9028561,12.702811,LUAD
-29.664383,14.154856,PRAD
-0.30982316,12.6518755,LUAD
41.452255,2.2564034,KIRC
-11.364443,-16.321533,BRCA
-28.285774,18.590757,PRAD
2.583498,11.095038,LUAD
12.732562,40.46052,COAD
40.59957,1.668539,KIRC
12.614074,14.011224,LUAD
-7.188137,-16.875004,BRCA
29.834526,-8.897507,KIRC
0.72410035,13.649485,LUAD
-9.050838,-27.257862,BRCA
4.588377,15.142216,LUAD
-8.669884,-18.797506,BRCA
-14.495721,-15.780108,BRCA
-7.685969,-17.90166,BRCA
-30.657372,14.548482,PRAD
-7.0787544,-17.72378,BRCA
33.80982,-8.087995,KIRC
11.338082,39.80421,COAD
29.641102,-9.997072,KIRC
-7.465681,-28.638641,BRCA
-27.083523,17.237892,PRAD
-26.635897,19.602682,PRAD
-29.430943,8.892527,PRAD
4.0955157,14.741651,LUAD
2.2979047,12.104364,LUAD
-7.388675,-22.57012,BRCA
5.0690327,13.971152,LUAD
9.420593,16.145811,LUAD
31.121445,-8.527482,KIRC
11.3729315,14.411002,LUAD
-27.505444,15.713003,PRAD
10.048705,15.265112,LUAD
-12.264658,-16.885284,BRCA
-5.2747097,-17.772472,BRCA
-18.145683,-20.167538,BRCA
10.890221,9.460617,LUAD
1.9646051,9.18169,LUAD
-9.78282,-22.44616,BRCA
40.541756,4.427032,KIRC
32.312527,-4.944697,KIRC
39.550064,0.4047524,KIRC
31.732439,-5.957678,KIRC
-26.737597,18.701906,PRAD
9.641538,-12.723755,BRCA
-28.950548,17.465029,PRAD
-3.1594515,-14.414022,BRCA
2.5304084,11.441719,LUAD
10.689398,10.685382,LUAD
-7.919739,-12.842047,BRCA
-25.43341,15.2105875,PRAD
-6.1094565,-24.567968,BRCA
-28.459206,14.704685,PRAD
-6.920584,-18.568052,BRCA
-5.388567,-22.419939,BRCA
-5.504103,-25.80084,BRCA
4.209325,11.828997,LUAD
-12.435062,-19.526705,BRCA
29.658953,-3.726449,KIRC
12.014848,11.170555,LUAD
31.192894,-5.1566477,KIRC
33.676235,-6.032395,KIRC
11.347194,10.58007,LUAD
-14.8574295,-18.372358,BRCA
40.899727,0.8070671,KIRC
-28.409563,15.943026,PRAD
-9.5776,-18.563587,BRCA
1.1449717,11.861389,LUAD
9.929588,16.349457,LUAD
-27.254347,20.70613,PRAD
4.366308,41.387165,COAD
-14.612154,-25.319897,BRCA
33.304424,-5.2131696,KIRC
-28.57643,14.704667,PRAD
32.16468,-10.775403,KIRC
5.4905043,39.5846,COAD
7.348399,-13.957958,BRCA
30.216927,-5.763754,KIRC
34.459824,-7.3771896,KIRC
1.7957919,14.543436,LUAD
-27.85974,10.132326,PRAD
-22.879158,13.520431,PRAD
8.549844,10.375426,LUAD
8.75259,14.17317,LUAD
33.817177,-6.995929,KIRC
-10.216445,-18.019957,BRCA
8.899117,-12.070056,BRCA
4.0957494,40.87651,COAD
6.4364862,-9.927333,BRCA
-27.053417,14.584763,PRAD
12.786052,37.823154,COAD
-13.629126,-20.569603,BRCA
-24.277267,13.354069,PRAD
41.047256,3.33099,KIRC
-28.981697,14.781737,PRAD
-28.582325,16.093424,PRAD
-27.534859,10.520049,PRAD
-9.066272,-20.866894,BRCA
6.4047503,39.851185,COAD
12.164353,39.665848,COAD
0.49626336,11.164638,LUAD
12.923292,38.733124,COAD
10.993442,38.43999,COAD
-26.566156,18.580742,PRAD
14.030325,12.80006,LUAD
6.915562,-14.196747,BRCA
-8.976472,-13.26054,BRCA
42.585087,0.9923877,KIRC
40.593628,1.5390455,KIRC
-4.122859,-23.002079,BRCA
7.537188,38.969593,COAD
-28.753733,9.173979,PRAD
40.762005,1.9655874,KIRC
-29.069464,11.896465,PRAD
-8.375782,-22.630919,BRCA
-5.1854196,-29.066975,BRCA
33.638203,-8.738245,KIRC
-4.595574,-28.459303,BRCA
8.859071,-11.61509,BRCA
9.202409,-12.49479,BRCA
-16.325638,-25.105562,BRCA
2.3808455,13.71214,LUAD
12.017113,14.215596,LUAD
-9.717727,-18.944496,BRCA
-8.800392,-16.742207,BRCA
-11.935182,-22.205355,BRCA
38.692986,1.3032403,KIRC
39.979588,3.1312957,KIRC
34.11217,-7.228371,KIRC
40.67949,3.8659675,KIRC
-5.461284,-17.98379,BRCA
-3.0033932,-17.026953,BRCA
-15.168082,-25.642527,BRCA
28.950874,-6.0952415,KIRC
-6.5958734,-19.119894,BRCA
-14.693011,-17.531103,BRCA
1.4259048,10.389747,LUAD
-25.978735,10.659475,PRAD
-10.420505,-14.266657,BRCA
-8.622541,-17.57535,BRCA
6.9833584,37.650105,COAD
9.263143,11.2699795,LUAD
-25.12477,18.071579,PRAD
-8.972275,-17.71295,BRCA
-7.026899,-23.818548,BRCA
-7.9218316,-12.581026,BRCA
8.744771,38.356884,COAD
-13.978107,-19.27728,BRCA
-25.448324,10.418998,PRAD
-4.8842087,-21.093462,BRCA
4.7877965,41.05477,COAD
6.647516,15.397941,LUAD
11.436572,9.744194,LUAD
-27.779606,14.602662,PRAD
31.889698,-7.198011,KIRC
-9.707091,-14.962893,BRCA
40.50501,1.3750676,KIRC
41.74093,0.5740862,KIRC
3.6948848,10.8099575,LUAD
7.352065,37.843517,COAD
37.45633,1.0517489,KIRC
-9.790118,-20.346972,BRCA
-14.479717,-21.430265,BRCA
6.767241,-11.633983,BRCA
7.606523,-9.95989,BRCA
40.48299,3.91872,KIRC
-14.6989355,-24.06669,BRCA
-15.967435,-22.323975,BRCA
-26.717276,15.839345,PRAD
6.913981,-12.22145,BRCA
40.44788,3.4022462,KIRC
-14.840118,-15.392216,BRCA
0.70261294,11.56453,LUAD
-23.816565,19.385544,PRAD
31.983347,-3.0848184,KIRC
-5.769299,-25.910109,BRCA
-22.480047,13.993807,PRAD
9.814788,38.519707,COAD
-10.890693,-23.258121,BRCA
-16.67803,-18.238504,BRCA
-13.889982,-25.379118,BRCA
-0.08293334,8.709433,LUAD
5.369425,8.414144,LUAD
10.332888,9.5806675,LUAD
-13.59994,-24.41421,BRCA
-7.804229,-24.136747,BRCA
-28.058151,16.556501,PRAD
2.3688598,12.73002,LUAD
-8.081572,-21.967716,BRCA
33.254967,-8.223629,KIRC
-11.263409,-23.776714,BRCA
5.445071,39.403053,COAD
4.0990887,38.958538,COAD
11.002848,14.219794,LUAD
-11.090236,-21.814627,BRCA
33.165802,-4.931717,KIRC
-8.366043,-26.42389,BRCA
-11.667557,-18.708454,BRCA
-11.388277,-21.958364,BRCA
5.364745,38.094185,COAD
9.246035,12.410161,LUAD
4.3028593,39.203224,COAD
38.849415,0.11203184,KIRC
-28.340796,13.843055,PRAD
32.219166,-7.544333,KIRC
-3.1114614,-14.234573,BRCA
-16.074493,-23.916145,BRCA
30.63125,-4.0599737,KIRC
7.4220157,-13.377126,BRCA
7.910115,38.72389,COAD
-27.53493,11.780504,PRAD
12.61041,14.904783,LUAD
-25.360538,17.710398,PRAD
-13.073302,-14.502319,BRCA
30.403374,-7.2038307,KIRC
-27.177286,20.67636,PRAD
-6.807413,-20.621775,BRCA
11.174436,39.767704,COAD
39.542194,2.6667454,KIRC
28.54979,-5.446886,KIRC
5.897833,39.019413,COAD
3.6204917,40.206795,COAD
-30.187698,15.626433,PRAD
-5.8439302,-24.315138,BRCA
-8.195909,-20.79005,BRCA
7.092773,37.4457,COAD
30.602621,-6.24185,KIRC
7.3994675,-14.734141,BRCA
-28.27137,10.402126,PRAD
9.09644,-12.269677,BRCA
-8.528144,-26.963661,BRCA
-11.539207,-18.590015,BRCA
8.259738,10.822408,LUAD
10.546714,10.489227,LUAD
41.711536,2.8693478,KIRC
-0.5285829,12.722399,LUAD
6.5902853,-13.524812,BRCA
33.11893,-8.169471,KIRC
8.088935,37.814617,COAD
-26.55482,20.245361,PRAD
-5.1343975,-24.088924,BRCA
10.19225,15.81608,LUAD
-27.156878,11.9847765,PRAD
-8.207334,-18.705286,BRCA
7.4618025,-11.665261,BRCA
-14.206226,-16.365955,BRCA
2.1711063,13.558407,LUAD
-15.9537945,-19.760433,BRCA
8.867488,-10.595591,BRCA
-29.30315,11.156554,PRAD
-4.000855,-15.903577,BRCA
-28.029247,11.9426985,PRAD
5.5357,38.756565,COAD
-12.910422,-24.303148,BRCA
7.2427583,13.164925,LUAD
-4.853513,-26.750784,BRCA
3.9854648,-12.5447,BRCA
3.7164078,11.748829,LUAD
-7.4665766,-27.805737,BRCA
-15.576184,-15.78191,BRCA
-8.8273945,-19.642012,BRCA
34.79684,-4.847315,KIRC
10.222164,13.45658,LUAD
-30.521366,12.130505,PRAD
-2.3680246,-20.661499,BRCA
-31.314617,14.963142,PRAD
32.119213,-8.626206,KIRC
-10.725864,-16.946121,BRCA
41.13351,2.4584394,KIRC
12.371948,40.090405,COAD
-6.6100855,-26.717833,BRCA
-25.206314,12.965364,PRAD
2.5533388,9.93188,LUAD
29.842196,-6.6841946,KIRC
-4.652367,-23.148779,BRCA
-11.170263,-19.091738,BRCA
30.91602,-7.1875353,KIRC
-1.9692483,-17.034874,BRCA
1.0962651,10.298669,LUAD
8.270279,-13.571668,BRCA
8.5219555,-11.964339,BRCA
-28.80207,17.98896,PRAD
12.541159,39.106335,COAD
-10.774368,-13.097676,BRCA
27.300552,-9.809777,KIRC
1.6516587,11.037867,LUAD
-25.450157,12.335129,PRAD
-7.2553387,-13.485513,BRCA
-32.87353,12.54725,PRAD
-16.66559,-19.780788,BRCA
-15.804029,-22.740664,BRCA
7.4010854,-10.937031,BRCA
-16.415583,-20.845222,BRCA
32.582497,-12.156782,KIRC
0.12669446,11.905549,LUAD
-13.571742,-18.306005,BRCA
33.949436,-6.622921,KIRC
-10.495914,-17.679407,BRCA
-7.9109783,-26.242327,BRCA
5.380016,8.346076,LUAD
1.0622898,12.5046835,LUAD
39.598537,0.56783557,KIRC
11.284807,38.641617,COAD
-26.918959,16.864113,PRAD
5.6151137,37.423103,COAD
-8.519724,-20.819927,BRCA
31.774069,-4.8379803,KIRC
29.542036,-5.6140747,KIRC
-16.505371,-18.072365,BRCA
-26.731497,13.582006,PRAD
41.719,1.6842483,KIRC
11.66219,39.021053,COAD
8.826193,15.359635,LUAD
14.317085,13.1301985,LUAD
-5.5812693,-14.091961,BRCA
-25.836027,12.837097,PRAD
-24.651115,11.189289,PRAD
8.008139,-13.485392,BRCA
-24.20043,12.7485285,PRAD
8.6131115,14.5336075,LUAD
32.319126,-6.887724,KIRC
-23.660587,15.357157,PRAD
-17.178677,-21.804821,BRCA
-1.128538,9.845876,LUAD
-27.721752,15.640187,PRAD
11.911465,10.5696,LUAD
-5.529139,-26.086317,BRCA
-5.1653523,-15.050803,BRCA
5.0564804,39.810154,COAD
12.7021265,10.372509,LUAD
41.976757,0.69485015,KIRC
10.042095,38.127983,COAD
3.8726425,11.794173,LUAD
-8.111251,-21.760302,BRCA
-26.55962,16.09387,PRAD
7.537394,-9.511469,BRCA
-9.36407,-18.012672,BRCA
-28.596266,13.332611,PRAD
-13.3326435,-21.601038,BRCA
10.479586,39.134922,COAD
-8.00002,-16.112896,BRCA
12.486602,39.966717,COAD
31.901917,-5.823882,KIRC
-11.55466,-24.61294,BRCA
-16.367567,-22.520943,BRCA
13.916989,10.884919,LUAD
8.989402,14.068886,LUAD
10.095137,10.9580765,LUAD
12.842923,37.677086,COAD
33.512478,-9.675668,KIRC
9.883664,11.367559,LUAD
12.096103,10.905777,LUAD
-9.414328,-22.771896,BRCA
-10.22443,-23.176588,BRCA
37.931,0.9994091,KIRC
-28.015621,13.457404,PRAD
10.745289,12.305786,LUAD
-27.320528,12.5780325,PRAD
-6.152427,-22.947123,BRCA
32.04095,-4.254891,KIRC
-6.939231,-25.558006,BRCA
39.540504,-0.257221,KIRC
27.538624,-8.190593,KIRC
-25.722227,20.547335,PRAD
-27.937866,8.826806,PRAD
3.4246004,14.132857,LUAD
-7.3310323,-24.905546,BRCA
35.220695,-9.178556,KIRC
3.611478,40.065834,COAD
5.8188148,38.930332,COAD
-11.585957,-27.316479,BRCA
41.10314,3.4007428,KIRC
30.917664,-8.274114,KIRC
-8.799351,-18.522255,BRCA
-7.7452493,-23.13947,BRCA
-28.054167,11.271962,PRAD
32.540596,-10.829408,KIRC
10.306095,37.68581,COAD
-13.446049,-20.155613,BRCA
8.497116,-14.46003,BRCA
4.2970457,40.96769,COAD
10.135596,16.090647,LUAD
-15.882985,-22.119675,BRCA
-11.576965,-14.747978,BRCA
-7.4894896,-27.037405,BRCA
40.630737,2.9534223,KIRC
-25.790623,11.573475,PRAD
0.064734034,9.224909,LUAD
9.561697,13.01158,LUAD
-14.7156925,-25.891907,BRCA
28.561602,-4.8696213,KIRC
6.870728,37.906555,COAD
30.61931,-6.382643,KIRC
30.473234,-5.222474,KIRC
-8.8703165,-23.046297,BRCA
-29.234932,10.168785,PRAD
10.931204,11.960197,LUAD
33.463448,-9.032488,KIRC
-12.8417635,-12.981628,BRCA
10.467376,38.38902,COAD
9.939725,11.026981,LUAD
0.38270715,12.936179,LUAD
0.51831394,10.473325,LUAD
-27.734163,11.511982,PRAD
1.0990223,11.198072,LUAD
31.319036,-5.442456,KIRC
-7.392219,-26.820107,BRCA
-9.588237,-16.717762,BRCA
6.9468465,38.753666,COAD
-23.596579,17.570171,PRAD
6.4599023,-11.00904,BRCA
-8.38407,-16.84471,BRCA
5.66189,-11.15062,BRCA
41.467552,0.18108481,KIRC
2.440121,11.495492,LUAD
13.174163,10.175348,LUAD
-2.7505214,-13.95217,BRCA
-26.482616,14.155146,PRAD
0.5565868,10.923639,LUAD
1.934014,14.282685,LUAD
-5.810415,-27.833435,BRCA
41.659885,0.6686845,KIRC
-24.492754,14.541482,PRAD
6.740035,40.040073,COAD
10.4539,11.098189,LUAD
-23.518711,12.26317,PRAD
12.714217,40.21827,COAD
9.349424,13.092041,LUAD
4.683193,39.211174,COAD
31.311222,-9.092323,KIRC
33.486626,-10.721048,KIRC
6.2633333,-11.148726,BRCA
-17.489492,-22.953728,BRCA
34.452827,-6.323965,KIRC
30.741936,-9.453359,KIRC
11.231905,37.64071,COAD
-5.3051023,-14.944171,BRCA
8.005433,-8.979205,LUAD
-29.233248,18.448208,PRAD
-24.544062,18.610735,PRAD
30.871237,-8.773994,KIRC
-9.628325,-26.049618,BRCA
8.336244,14.573397,LUAD
7.289868,-12.834259,BRCA
-11.117836,-18.423637,BRCA
6.022825,39.937996,COAD
-8.388917,-18.845499,BRCA
-25.511372,13.578085,PRAD
-30.246212,12.922986,PRAD
6.0564985,-11.883259,BRCA
-13.022821,-21.156073,BRCA
4.840235,38.173412,COAD
-8.320801,-25.637163,BRCA
29.035625,-8.139867,KIRC
7.6798263,-10.588106,BRCA
-8.16687,-12.031011,BRCA
3.9872682,38.096233,COAD
-4.1938763,-21.568705,BRCA
-26.643742,9.5374155,PRAD
-6.156208,-21.493116,BRCA
6.847874,-11.178906,BRCA
31.88213,-9.413046,KIRC
-28.571907,13.456343,PRAD
11.63628,15.198369,LUAD
-6.4102044,-19.935831,BRCA
-2.3090022,-20.0966,BRCA
31.415644,-2.7593055,KIRC
7.360361,-12.365908,BRCA
-13.197597,-23.143627,BRCA
-8.87273,-14.82204,BRCA
-10.511324,-17.275204,BRCA
-10.396848,-25.853498,BRCA
4.7100143,38.984814,COAD
4.423462,14.367806,LUAD
1.9246559,14.490155,LUAD
8.722041,-12.463312,BRCA
-14.207605,-22.6741,BRCA
7.756468,-10.959924,BRCA
-27.730793,12.472634,PRAD
7.8256807,-11.415336,BRCA
-4.621661,-24.881584,BRCA
40.842808,2.9251165,KIRC
10.467262,15.624759,LUAD
11.090033,12.508585,LUAD
34.953495,-6.137426,KIRC
41.607414,3.9469566,KIRC
10.418766,10.201424,LUAD
34.408882,-9.365628,KIRC
5.4418178,39.465546,COAD
-8.593007,-17.603462,BRCA
11.243817,40.19683,COAD
29.76699,-5.001602,KIRC
-9.774103,-23.628923,BRCA
-15.335379,-21.13364,BRCA
-25.406729,11.490452,PRAD
-31.423988,11.015246,PRAD
-27.85527,17.222517,PRAD
0.8128809,10.406386,LUAD
-26.428127,16.103325,PRAD
-25.849443,14.280639,PRAD
6.276824,37.52984,COAD
-4.5662594,-25.618305,BRCA
-13.290673,-15.473364,BRCA
11.605426,38.972427,COAD
14.046718,12.840915,LUAD
28.987585,-8.847115,KIRC
-10.452129,-24.245378,BRCA
32.77505,-9.661266,KIRC
4.4706,38.752407,COAD
-7.9275837,-18.090109,BRCA
-13.21642,-23.340172,BRCA
-5.593823,-21.554123,BRCA
-26.184053,12.693164,PRAD
9.84047,14.250582,LUAD
32.91143,-10.951397,KIRC
-9.011323,-20.593481,BRCA
-24.79264,20.017485,PRAD
31.82127,-12.1257515,KIRC
-25.264452,17.04856,PRAD
-7.819334,-23.199669,BRCA
11.211116,11.244643,LUAD
32.83762,-8.006821,KIRC
-27.482607,10.791035,PRAD
4.179687,12.396751,LUAD
-29.178875,10.346327,PRAD
-26.12557,19.46431,PRAD
5.758092,-13.027884,BRCA
40.57593,0.67506135,KIRC
-23.401932,10.792019,PRAD
9.968914,10.774016,LUAD
10.554435,40.635963,COAD
12.395853,40.45119,COAD
-7.9361973,-20.508825,BRCA
-12.315681,-23.194254,BRCA
-3.1644964,-20.132277,BRCA
9.047664,11.345359,LUAD
32.547375,-9.651675,KIRC
32.962227,-11.796604,KIRC
32.58117,-11.969963,KIRC
-6.29733,-17.833954,BRCA
3.49355,9.723571,LUAD
30.249554,-4.363193,KIRC
-27.349777,18.425398,PRAD
-10.302669,-15.192531,BRCA
1.2807497,9.499064,LUAD
-26.4822,17.996952,PRAD
-11.636489,-22.055553,BRCA
-27.199202,19.669588,PRAD
-11.990224,-25.43126,BRCA
39.705315,1.9850504,KIRC
7.3755116,-12.035058,BRCA
11.623604,38.765118,COAD
-26.045809,12.586815,PRAD
-29.268677,9.1630335,PRAD
30.839447,-6.1977077,KIRC
-28.77792,11.9007845,PRAD
32.957275,-11.311502,KIRC
-9.40198,-25.289642,BRCA
0.12357366,12.204134,LUAD
3.405387,13.393978,LUAD
-7.7613926,-11.7016,BRCA
-5.5684805,-18.989372,BRCA
33.66807,-7.5561647,KIRC
-13.477535,-24.860071,BRCA
-14.30057,-20.332455,BRCA
-11.203966,-15.655976,BRCA
-8.841497,-24.857437,BRCA
28.227398,-5.1835685,KIRC
30.590061,-10.481681,KIRC
-30.14467,11.542152,PRAD
10.331793,38.1149,COAD
40.86922,3.8559077,KIRC
9.264032,-11.130987,BRCA
-11.2799425,-15.189434,BRCA
32.029232,-11.196434,KIRC
-12.03239,-19.292168,BRCA
10.630239,13.464717,LUAD
4.398439,-10.498519,BRCA
-9.803733,-24.242126,BRCA
-24.606337,10.044723,PRAD
-11.745611,-15.202591,BRCA
-26.908117,10.669363,PRAD
-8.66711,-21.624369,BRCA
10.657568,39.614677,COAD
-11.079829,-20.330149,BRCA
-15.18553,-18.441349,BRCA
29.605629,-7.4735765,KIRC
3.8595738,14.894936,LUAD
-5.360198,-13.850858,BRCA
8.575154,-12.12822,BRCA
-25.334518,14.427054,PRAD
-4.3163967,-24.019247,BRCA
-29.304605,12.2109585,PRAD
4.9979296,40.74689,COAD
-17.262644,-22.95248,BRCA
-5.4721904,-21.610804,BRCA
-6.6433563,-20.448793,BRCA
3.8440752,15.283852,LUAD
-5.4471183,-14.24823,BRCA
2.717472,10.063559,LUAD
-11.475512,-20.332405,BRCA
-0.13855907,13.897885,LUAD
31.258347,-6.8071632,KIRC
40.337875,3.1736119,KIRC
10.494007,38.133114,COAD
12.0192795,38.72695,COAD
-7.852107,-23.351217,BRCA
-12.04737,-23.07205,BRCA
-3.8837128,-17.793816,BRCA
-0.10582066,11.044417,LUAD
-13.796589,-16.379755,BRCA
8.79271,14.176013,LUAD
40.285805,0.017856032,KIRC
-9.767325,-15.712031,BRCA
2.2908216,12.036425,LUAD
39.788578,3.4660385,KIRC
12.109814,15.395569,LUAD
10.987256,14.19895,LUAD
-0.29916185,10.856044,LUAD
34.23865,-7.628185,KIRC
-3.2566488,-24.85558,BRCA
-27.686827,16.613901,PRAD
6.409583,-11.814205,BRCA
-4.7513704,-27.471952,BRCA
28.89241,-6.9683104,KIRC
-18.089617,-20.176466,BRCA
-26.874477,19.231768,PRAD
33.400272,-12.2670965,KIRC
-12.989786,-26.172081,BRCA
-9.9225445,-21.00394,BRCA
-6.8997736,-26.707481,BRCA
-14.253476,-22.747036,BRCA
-28.453003,17.39707,PRAD
2.8787355,12.158816,LUAD
-8.566398,-24.285133,BRCA
9.048598,14.623628,LUAD
3.2740228,38.681713,COAD
-26.10771,9.291762,PRAD
-32.875385,12.544258,PRAD
